{
    "extends": [
        "tslint:recommended"
    ],
    "rules": {
        "arrow-parens": [
            true,
            "ban-single-arg-parens"
        ],
        "only-arrow-functions": false,
        "no-empty": false,
        "unified-signatures": false,
        "member-ordering": false,
        "interface-name": false,
        "max-classes-per-file": false,
        "max-line-length": [
            true,
            180
        ],
        "no-console": [
            true,
            "time",
            "timeEnd",
            "trace"
        ],
        "no-string-literal": false,
        "object-literal-sort-keys": false,
        "ordered-imports": false,
        "quotemark": [
            true,
            "single",
            "avoid-escape"
        ],
        "trailing-comma": [
            false,
            {
                "multiline": "always",
                "singleline": "never"
            }
        ],
        "variable-name": [
            true,
            "allow-leading-underscore",
            "ban-keywords",
            "check-format"
        ]
    }
}
